               epoch,      train/box_loss,      train/obj_loss,      train/cls_loss,   metrics/precision,      metrics/recall,     metrics/mAP_0.5,metrics/mAP_0.5:0.95,        val/box_loss,        val/obj_loss,        val/cls_loss,               x/lr0,               x/lr1,               x/lr2
                   0,             0.10263,            0.035636,            0.028741,             0.27735,             0.15061,             0.22467,            0.062108,            0.050938,            0.020784,            0.015478,             0.07075,             0.00325,             0.00325
                   1,            0.073815,            0.031125,            0.021657,             0.40031,             0.88215,             0.58744,             0.20323,             0.05627,            0.012925,            0.014041,            0.040685,           0.0065182,           0.0065182
                   2,            0.073566,            0.022892,            0.019019,             0.51608,             0.78435,             0.69009,             0.41755,            0.054588,           0.0084038,            0.012759,            0.010554,           0.0097203,           0.0097203
                   3,             0.06814,            0.020698,            0.017785,             0.56733,             0.84279,             0.86298,              0.3567,            0.042858,           0.0075434,             0.01188,            0.009703,            0.009703,            0.009703
                   4,            0.061933,            0.017766,            0.016275,             0.67841,             0.89858,             0.93905,             0.58869,            0.036861,           0.0078693,            0.011212,            0.009703,            0.009703,            0.009703
                   5,            0.059127,            0.017082,            0.014296,             0.40927,             0.85188,             0.70476,             0.34167,            0.040335,           0.0083864,             0.01124,            0.009604,            0.009604,            0.009604
                   6,            0.054571,            0.016155,            0.013481,             0.89026,             0.94069,             0.97981,             0.55055,            0.034968,           0.0063049,            0.010361,            0.009505,            0.009505,            0.009505
                   7,            0.052572,             0.01525,            0.012637,             0.76124,             0.90462,             0.90013,             0.60207,            0.031496,           0.0060596,            0.010232,            0.009406,            0.009406,            0.009406
                   8,            0.050579,            0.013878,            0.011437,             0.65051,             0.92147,             0.91564,             0.46336,            0.036416,           0.0057601,             0.01007,            0.009307,            0.009307,            0.009307
                   9,            0.048429,            0.014218,            0.011201,             0.76049,              0.9658,             0.85613,             0.54906,            0.030614,           0.0053647,           0.0096972,            0.009208,            0.009208,            0.009208
                  10,            0.045254,            0.013691,            0.010863,             0.82768,             0.93833,              0.8891,             0.65924,            0.028692,           0.0050733,           0.0095802,            0.009109,            0.009109,            0.009109
                  11,            0.043534,            0.012743,            0.010498,               0.845,             0.91964,             0.90469,              0.5256,            0.030196,           0.0049796,           0.0094975,             0.00901,             0.00901,             0.00901
                  12,            0.043653,            0.012519,           0.0099501,             0.83543,             0.95366,             0.97147,             0.69934,             0.02796,           0.0048623,           0.0093783,            0.008911,            0.008911,            0.008911
                  13,            0.042486,            0.011884,            0.010135,             0.96332,             0.94394,             0.98463,             0.69608,            0.027543,           0.0048647,           0.0091105,            0.008812,            0.008812,            0.008812
                  14,            0.041998,            0.012268,            0.010028,             0.84391,             0.95518,             0.91387,             0.59865,             0.02992,           0.0050732,           0.0089761,            0.008713,            0.008713,            0.008713
                  15,            0.040316,            0.012021,            0.010625,             0.96845,              0.9678,             0.98681,             0.75005,            0.024926,           0.0044958,           0.0088731,            0.008614,            0.008614,            0.008614
                  16,            0.039882,            0.011404,            0.010033,             0.75819,             0.93389,             0.91425,              0.5799,             0.02836,           0.0046221,           0.0088406,            0.008515,            0.008515,            0.008515
                  17,            0.039029,            0.011719,            0.010002,             0.98496,             0.96063,             0.99012,             0.73411,            0.025101,           0.0047452,           0.0090161,            0.008416,            0.008416,            0.008416
                  18,            0.037689,            0.011481,           0.0098363,             0.97546,             0.97765,              0.9921,             0.75614,            0.025286,           0.0046666,           0.0089141,            0.008317,            0.008317,            0.008317
                  19,            0.039335,            0.011277,           0.0097459,               0.961,             0.97191,             0.99061,             0.65246,            0.027713,           0.0045611,           0.0086955,            0.008218,            0.008218,            0.008218
                  20,            0.038692,            0.011452,           0.0093724,             0.97159,             0.96046,             0.99197,             0.81186,            0.023472,           0.0044998,           0.0085516,            0.008119,            0.008119,            0.008119
                  21,            0.037485,            0.011905,           0.0092423,              0.9667,             0.97185,             0.98998,             0.73658,            0.025215,           0.0045843,           0.0087972,             0.00802,             0.00802,             0.00802
                  22,            0.036574,            0.011767,             0.00916,             0.98067,             0.98512,             0.98934,             0.73963,             0.02648,           0.0044449,           0.0086551,            0.007921,            0.007921,            0.007921
                  23,            0.037372,            0.010811,           0.0090385,             0.96295,             0.95595,             0.98951,             0.76988,            0.026909,           0.0044047,           0.0085023,            0.007822,            0.007822,            0.007822
                  24,            0.035468,            0.011189,           0.0090256,             0.97699,             0.96987,             0.99048,             0.76939,             0.02457,           0.0043233,           0.0085319,            0.007723,            0.007723,            0.007723
                  25,             0.03575,            0.010508,           0.0096247,             0.96125,              0.9674,             0.99072,             0.79216,            0.024009,            0.004391,           0.0083534,            0.007624,            0.007624,            0.007624
                  26,            0.034385,            0.010863,           0.0091932,             0.95204,             0.94988,             0.98492,             0.77301,            0.024696,           0.0044774,           0.0084337,            0.007525,            0.007525,            0.007525
                  27,            0.035057,            0.011418,           0.0090865,             0.97216,             0.97476,             0.98886,              0.7928,            0.025285,           0.0045085,           0.0087477,            0.007426,            0.007426,            0.007426
                  28,            0.035279,            0.010797,           0.0091248,             0.98505,             0.96817,             0.98989,             0.85079,            0.021953,           0.0042723,           0.0083923,            0.007327,            0.007327,            0.007327
                  29,            0.033825,            0.010045,           0.0085716,             0.98325,             0.98167,             0.98702,             0.78593,            0.023905,           0.0043088,           0.0084551,            0.007228,            0.007228,            0.007228
                  30,            0.033358,            0.010423,           0.0086215,             0.98216,             0.97203,             0.98696,             0.82486,            0.022081,           0.0042134,           0.0084926,            0.007129,            0.007129,            0.007129
                  31,            0.034629,            0.010857,           0.0093244,             0.96277,             0.98162,             0.99077,             0.79043,            0.023781,           0.0041554,           0.0083538,             0.00703,             0.00703,             0.00703
                  32,            0.033539,            0.010414,           0.0090282,               0.982,             0.97765,             0.98623,             0.84934,            0.022442,           0.0040569,           0.0083325,            0.006931,            0.006931,            0.006931
                  33,            0.034255,            0.010381,            0.008264,             0.97957,             0.97139,             0.98844,             0.83833,            0.022763,           0.0042758,           0.0084771,            0.006832,            0.006832,            0.006832
                  34,            0.032817,            0.010331,           0.0089047,             0.97949,              0.9608,             0.98816,             0.83994,             0.02261,           0.0043449,           0.0083668,            0.006733,            0.006733,            0.006733
                  35,            0.033121,            0.010436,           0.0082404,             0.98331,             0.97306,             0.99018,             0.83742,            0.022719,           0.0043547,            0.008316,            0.006634,            0.006634,            0.006634
                  36,            0.033639,            0.010514,           0.0095763,             0.98008,             0.97765,             0.98989,             0.84832,            0.021835,           0.0043699,           0.0082435,            0.006535,            0.006535,            0.006535
                  37,            0.031621,            0.010463,           0.0093681,             0.98402,             0.98889,             0.99039,               0.854,            0.022189,           0.0042916,           0.0083217,            0.006436,            0.006436,            0.006436
                  38,            0.032111,            0.010282,           0.0083673,              0.9755,              0.9608,             0.98849,             0.84475,            0.022816,           0.0041669,           0.0082979,            0.006337,            0.006337,            0.006337
                  39,            0.030981,             0.01013,           0.0084625,             0.96905,             0.97053,             0.98514,              0.8615,             0.02085,           0.0041157,           0.0085896,            0.006238,            0.006238,            0.006238
                  40,            0.030582,            0.010047,           0.0085133,             0.98434,             0.96719,             0.98821,             0.84575,            0.022096,            0.004167,           0.0084931,            0.006139,            0.006139,            0.006139
                  41,            0.031368,            0.010292,           0.0084402,             0.98337,             0.97445,             0.98985,             0.83197,            0.021803,              0.0041,           0.0083321,             0.00604,             0.00604,             0.00604
                  42,            0.031091,           0.0097804,            0.007987,             0.97506,             0.97536,             0.98827,             0.85164,            0.021269,           0.0040364,           0.0082319,            0.005941,            0.005941,            0.005941
                  43,            0.031108,            0.009551,           0.0088979,              0.9772,             0.95661,             0.98918,             0.84965,             0.02084,           0.0041827,           0.0082941,            0.005842,            0.005842,            0.005842
                  44,             0.03062,            0.010427,           0.0089392,             0.97082,             0.97765,             0.98935,             0.86049,            0.020981,           0.0041259,           0.0082294,            0.005743,            0.005743,            0.005743
                  45,            0.030591,            0.009874,           0.0084845,             0.97662,             0.97765,             0.98912,             0.86114,              0.0211,           0.0045986,            0.008345,            0.005644,            0.005644,            0.005644
                  46,            0.028719,           0.0091642,           0.0091599,             0.97086,             0.97686,             0.98741,             0.87922,             0.02044,           0.0040102,           0.0081346,            0.005545,            0.005545,            0.005545
                  47,            0.030315,            0.010811,           0.0086834,             0.97805,             0.99451,             0.99049,               0.878,            0.020597,           0.0040447,           0.0082209,            0.005446,            0.005446,            0.005446
                  48,            0.029035,           0.0098247,           0.0084727,             0.96896,             0.96486,             0.98345,              0.8609,            0.021106,           0.0042068,           0.0082568,            0.005347,            0.005347,            0.005347
                  49,            0.027998,            0.009463,           0.0082159,             0.97408,              0.9608,             0.98917,             0.86813,            0.020451,           0.0039256,           0.0080513,            0.005248,            0.005248,            0.005248
                  50,            0.029106,            0.009704,           0.0080885,             0.98045,             0.95518,              0.9905,             0.87022,            0.020721,           0.0039579,           0.0080696,            0.005149,            0.005149,            0.005149
                  51,             0.02971,           0.0099419,           0.0091494,             0.98328,             0.97293,             0.98908,             0.86453,            0.020906,           0.0040418,           0.0081198,             0.00505,             0.00505,             0.00505
                  52,            0.028213,           0.0095659,            0.007684,             0.96515,             0.96943,             0.98572,             0.87384,            0.020759,           0.0041699,           0.0082011,            0.004951,            0.004951,            0.004951
                  53,            0.027668,           0.0099512,            0.007931,             0.98498,             0.96333,             0.98765,             0.86244,            0.020486,            0.003894,            0.008099,            0.004852,            0.004852,            0.004852
                  54,            0.028581,           0.0095226,           0.0089039,             0.96621,             0.95736,             0.98599,             0.85404,            0.020532,           0.0038855,           0.0080612,            0.004753,            0.004753,            0.004753
                  55,            0.028785,           0.0097951,           0.0080949,             0.95816,             0.95679,             0.98354,             0.84977,            0.020455,           0.0039772,           0.0081079,            0.004654,            0.004654,            0.004654
                  56,            0.028423,           0.0094786,           0.0075584,             0.98912,             0.94932,             0.98633,             0.86498,            0.020772,           0.0038584,           0.0080267,            0.004555,            0.004555,            0.004555
                  57,            0.028346,           0.0093073,           0.0089577,             0.96657,              0.9611,             0.98739,             0.88042,            0.019572,           0.0037582,           0.0079973,            0.004456,            0.004456,            0.004456
                  58,            0.027767,           0.0099375,           0.0079278,              0.9838,              0.9608,             0.98973,             0.87903,            0.020221,           0.0039086,           0.0080268,            0.004357,            0.004357,            0.004357
                  59,            0.028472,           0.0095072,           0.0083381,             0.98874,             0.97543,             0.98934,             0.88617,            0.019961,           0.0038016,           0.0080035,            0.004258,            0.004258,            0.004258
                  60,            0.027394,           0.0095486,           0.0084926,             0.98417,             0.98968,             0.99083,             0.88836,            0.020049,           0.0037916,           0.0080137,            0.004159,            0.004159,            0.004159
                  61,            0.027257,           0.0090391,           0.0083058,             0.98744,             0.96642,             0.98891,             0.87397,            0.020184,           0.0038808,           0.0080108,             0.00406,             0.00406,             0.00406
                  62,            0.027253,           0.0088194,            0.008456,             0.98893,              0.9406,             0.98681,             0.88447,             0.01991,           0.0038208,           0.0080176,            0.003961,            0.003961,            0.003961
                  63,            0.026817,           0.0087024,           0.0077435,             0.98308,             0.95581,              0.9906,             0.88736,            0.019884,           0.0038755,           0.0079511,            0.003862,            0.003862,            0.003862
                  64,             0.02701,             0.00916,           0.0080795,             0.98916,             0.96297,             0.98905,             0.88609,            0.020003,           0.0038808,           0.0079669,            0.003763,            0.003763,            0.003763
                  65,            0.027154,             0.00961,           0.0080903,              0.9841,             0.94956,             0.98676,             0.88857,            0.019496,           0.0038226,           0.0079554,            0.003664,            0.003664,            0.003664
                  66,            0.026826,            0.009419,           0.0082062,             0.98868,             0.94301,             0.98979,             0.89299,            0.019747,            0.003816,           0.0079192,            0.003565,            0.003565,            0.003565
                  67,            0.026271,           0.0092903,           0.0079338,             0.97293,             0.97648,             0.99072,             0.90052,            0.019358,           0.0037224,           0.0079168,            0.003466,            0.003466,            0.003466
                  68,            0.025542,           0.0090009,           0.0075328,             0.97332,             0.97765,             0.99049,             0.89778,            0.019344,           0.0036643,           0.0078808,            0.003367,            0.003367,            0.003367
                  69,            0.026093,           0.0092015,            0.007338,              0.9834,             0.95371,             0.98955,             0.89149,            0.019304,           0.0036541,           0.0078174,            0.003268,            0.003268,            0.003268
                  70,            0.025264,            0.009473,           0.0075376,             0.97769,             0.97349,             0.99075,             0.89652,            0.019301,           0.0036789,           0.0077603,            0.003169,            0.003169,            0.003169
                  71,            0.025502,           0.0087719,           0.0081328,             0.98152,             0.95518,               0.988,             0.89652,            0.019393,           0.0037729,           0.0078113,             0.00307,             0.00307,             0.00307
                  72,            0.025871,           0.0088819,           0.0075314,             0.98333,             0.96441,             0.99121,             0.90278,            0.019398,           0.0037559,           0.0078436,            0.002971,            0.002971,            0.002971
                  73,            0.024843,           0.0091894,           0.0070732,             0.98856,             0.94932,             0.99076,             0.89889,            0.019365,           0.0037317,           0.0078146,            0.002872,            0.002872,            0.002872
                  74,            0.026694,           0.0093758,           0.0087298,             0.98371,             0.96642,             0.98973,              0.8946,            0.019298,           0.0036352,           0.0077461,            0.002773,            0.002773,            0.002773
                  75,            0.025063,           0.0083538,           0.0075661,             0.97827,              0.9608,             0.98693,             0.88396,            0.019519,           0.0037707,           0.0079011,            0.002674,            0.002674,            0.002674
                  76,             0.02534,           0.0089349,           0.0080461,             0.98302,             0.95248,             0.98625,             0.88949,            0.019205,           0.0035919,            0.007731,            0.002575,            0.002575,            0.002575
                  77,            0.025096,           0.0087466,           0.0077823,             0.98885,             0.95295,             0.98748,             0.89594,             0.01926,           0.0035748,           0.0078129,            0.002476,            0.002476,            0.002476
                  78,            0.023982,           0.0083999,           0.0071066,             0.98318,             0.96349,             0.98792,             0.89092,            0.019279,           0.0035841,           0.0077995,            0.002377,            0.002377,            0.002377
                  79,            0.025736,           0.0087705,           0.0083089,             0.98927,              0.9472,             0.98558,             0.89371,            0.019145,           0.0036109,           0.0078786,            0.002278,            0.002278,            0.002278
                  80,            0.025029,           0.0092652,           0.0076244,             0.98901,             0.94548,               0.986,             0.90222,            0.019021,           0.0036631,           0.0078468,            0.002179,            0.002179,            0.002179
                  81,            0.024892,           0.0088809,           0.0076431,             0.98578,              0.9608,             0.98424,             0.89702,            0.019024,           0.0036245,           0.0078249,             0.00208,             0.00208,             0.00208
                  82,            0.025227,           0.0093778,           0.0092262,             0.98911,              0.9539,             0.98551,             0.90204,            0.018941,           0.0036466,            0.007814,            0.001981,            0.001981,            0.001981
                  83,            0.023917,           0.0083595,           0.0073508,             0.98895,             0.95162,              0.9853,             0.89786,            0.018951,            0.003705,           0.0078441,            0.001882,            0.001882,            0.001882
                  84,            0.024993,           0.0082528,           0.0081832,             0.98895,             0.96442,             0.98808,             0.90689,            0.018813,           0.0036588,           0.0077931,            0.001783,            0.001783,            0.001783
                  85,            0.025051,            0.008873,           0.0070861,             0.98903,             0.96626,             0.99017,             0.90991,             0.01878,           0.0036731,           0.0077951,            0.001684,            0.001684,            0.001684
                  86,            0.025326,           0.0083305,           0.0084635,             0.98345,             0.98035,             0.98951,             0.91048,            0.018882,           0.0036916,           0.0078261,            0.001585,            0.001585,            0.001585
                  87,            0.024656,           0.0093599,           0.0077647,             0.98378,             0.97854,             0.98897,             0.90597,            0.018879,           0.0036331,           0.0078011,            0.001486,            0.001486,            0.001486
                  88,            0.025116,           0.0087799,           0.0078709,             0.98329,             0.96928,             0.98666,             0.90663,            0.018829,           0.0036801,           0.0077529,            0.001387,            0.001387,            0.001387
                  89,            0.024563,           0.0091256,           0.0077667,             0.98875,             0.95191,             0.98681,             0.90891,            0.018746,           0.0036426,              0.0077,            0.001288,            0.001288,            0.001288
                  90,            0.024921,           0.0083943,           0.0077896,             0.98753,             0.95518,             0.98724,             0.90493,            0.018719,           0.0036926,           0.0076974,            0.001189,            0.001189,            0.001189
                  91,            0.024242,           0.0088405,           0.0080851,             0.98907,             0.95094,             0.98655,             0.90178,            0.018796,            0.003693,           0.0076948,             0.00109,             0.00109,             0.00109
                  92,            0.024682,           0.0082403,           0.0078577,             0.98887,             0.95509,             0.98769,             0.90452,            0.018779,             0.00368,           0.0077002,            0.000991,            0.000991,            0.000991
                  93,            0.023801,           0.0089274,            0.007799,             0.98886,             0.95415,             0.98848,             0.90332,            0.018746,           0.0036845,           0.0077169,            0.000892,            0.000892,            0.000892
                  94,            0.023844,           0.0081246,           0.0080591,             0.98873,             0.95886,             0.98744,             0.90632,            0.018785,             0.00358,            0.007647,            0.000793,            0.000793,            0.000793
                  95,            0.023775,           0.0086409,           0.0073135,             0.98887,             0.95845,               0.988,              0.9047,            0.018764,           0.0036005,           0.0076332,            0.000694,            0.000694,            0.000694
                  96,            0.023846,           0.0084605,           0.0074052,             0.98792,             0.96261,             0.98811,             0.90363,            0.018745,           0.0036198,           0.0076392,            0.000595,            0.000595,            0.000595
                  97,            0.023926,           0.0085427,           0.0075357,             0.98907,             0.95976,             0.98832,             0.90875,            0.018718,           0.0035974,           0.0076525,            0.000496,            0.000496,            0.000496
                  98,            0.024248,           0.0086224,           0.0076985,             0.98876,             0.95093,             0.98771,              0.9064,            0.018723,           0.0036005,           0.0076551,            0.000397,            0.000397,            0.000397
                  99,             0.02402,           0.0088991,           0.0082796,             0.98877,             0.94936,             0.98664,             0.90323,            0.018675,           0.0036282,           0.0076587,            0.000298,            0.000298,            0.000298
